source,statistic,df,p.value
treatment,2.6408816795702523,1,0.10414573189031547
site,65.31852407841707,5,9.625554736098528e-13
treatment:site,8.834318858353331,5,0.11585792147805295
