source,statistic,df,p.value
treatment,0.06129350147206153,1,0.8044630668838043
region,10.046569041986054,1,0.0015263194442755167
treatment:region,7.722631129156983,1,0.005453286388328901
