term,statistic,df,p.value
treatment,0.6632272912592757,1,0.4154228949187435
region,18.66918449306934,1,1.554749845816024e-5
treatment:region,17.55419197237957,1,2.7923450803684204e-5
