source,statistic,df,p.value
treatment,1.2430329751426592,1,0.2648873252120008
region,19.01059140548184,1,1.2999488561246865e-5
treatment:region,19.12757515836037,1,1.2226557433108107e-5
