Df,SS,MS,F,N.Perm,Pr..F.
1,0.15537416038412402,0.15537416038412402,7.46326674014969,999,0.008
82,1.70711855747536,0.020818518993601952,,,
