source,statistic,df,p.value
treatment,0.04776975332294694,1,0.826990534043429
region,2.790091567898934,1,0.09484880748328745
treatment:region,17.14147856035868,1,3.4696249903755304e-5
