source,statistic,df,p.value
treatment,0.5250042633143894,1,0.4687147770433391
region,1.508347925270897,1,0.21939135148027195
treatment:region,2.562558215350972,1,0.10942139140826247
treatment,1.4517840421166235,1,0.22824190347942594
region,0.8582984562982179,1,0.3542152949218469
treatment:region,0.37105080505012256,1,0.5424320458162507
