Df,SS,MS,F,N.Perm,Pr..F.
1,0.45110034102204044,0.45110034102204044,17.3184440175554,999,0.001
82,2.1358863374972312,0.026047394359722333,,,
