Df,SS,MS,F,N.Perm,Pr..F.
3,0.1408683700989965,0.04695612336633217,6.51498911371278,999,0.002
188,1.354990935332456,0.007207398592193915,,,
