Df,SS,MS,F,N.Perm,Pr..F.
1,0.004134712657395474,0.004134712657395474,0.229678703154221,999,0.662
190,3.4204103128257435,0.018002159541188122,,,
